<?xml version="1.0" encoding="ISO-8859-1" ?>
<link_info>
   <banner>TI ARM Linker Unix v18.1.4.LTS</banner>
   <copyright>Copyright (c) 1996-2018 Texas Instruments Incorporated</copyright>
   <link_time>0x5c77a7a2</link_time>
   <link_errors>0x0</link_errors>
   <output_file>DMX512.out</output_file>
   <entry_point>
      <name>_c_int00_noinit_noargs</name>
      <address>0x425</address>
   </entry_point>
   <input_file_list>
      <input_file id="fl-1">
         <path>./</path>
         <kind>object</kind>
         <file>serial.obj</file>
         <name>serial.obj</name>
      </input_file>
      <input_file id="fl-2">
         <path>./</path>
         <kind>object</kind>
         <file>tm4c123gh6pm_startup_ccs.obj</file>
         <name>tm4c123gh6pm_startup_ccs.obj</name>
      </input_file>
      <input_file id="fl-6">
         <kind>object</kind>
         <file>&lt;internal&gt;</file>
         <name>&lt;internal&gt;</name>
      </input_file>
      <input_file id="fl-bc">
         <path>/Applications/ti/ccsv8/tools/compiler/ti-cgt-arm_18.1.4.LTS/lib/</path>
         <kind>archive</kind>
         <file>rtsv7M4_T_le_v4SPD16_eabi.lib</file>
         <name>copy_zero_init.c.obj</name>
      </input_file>
      <input_file id="fl-bd">
         <path>/Applications/ti/ccsv8/tools/compiler/ti-cgt-arm_18.1.4.LTS/lib/</path>
         <kind>archive</kind>
         <file>rtsv7M4_T_le_v4SPD16_eabi.lib</file>
         <name>copy_decompress_none.c.obj</name>
      </input_file>
      <input_file id="fl-be">
         <path>/Applications/ti/ccsv8/tools/compiler/ti-cgt-arm_18.1.4.LTS/lib/</path>
         <kind>archive</kind>
         <file>rtsv7M4_T_le_v4SPD16_eabi.lib</file>
         <name>copy_decompress_lzss.c.obj</name>
      </input_file>
      <input_file id="fl-bf">
         <path>/Applications/ti/ccsv8/tools/compiler/ti-cgt-arm_18.1.4.LTS/lib/</path>
         <kind>archive</kind>
         <file>rtsv7M4_T_le_v4SPD16_eabi.lib</file>
         <name>boot_cortex_m.c.obj</name>
      </input_file>
      <input_file id="fl-c0">
         <path>/Applications/ti/ccsv8/tools/compiler/ti-cgt-arm_18.1.4.LTS/lib/</path>
         <kind>archive</kind>
         <file>rtsv7M4_T_le_v4SPD16_eabi.lib</file>
         <name>exit.c.obj</name>
      </input_file>
      <input_file id="fl-c1">
         <path>/Applications/ti/ccsv8/tools/compiler/ti-cgt-arm_18.1.4.LTS/lib/</path>
         <kind>archive</kind>
         <file>rtsv7M4_T_le_v4SPD16_eabi.lib</file>
         <name>_lock.c.obj</name>
      </input_file>
      <input_file id="fl-c2">
         <path>/Applications/ti/ccsv8/tools/compiler/ti-cgt-arm_18.1.4.LTS/lib/</path>
         <kind>archive</kind>
         <file>rtsv7M4_T_le_v4SPD16_eabi.lib</file>
         <name>args_main.c.obj</name>
      </input_file>
      <input_file id="fl-c3">
         <path>/Applications/ti/ccsv8/tools/compiler/ti-cgt-arm_18.1.4.LTS/lib/</path>
         <kind>archive</kind>
         <file>rtsv7M4_T_le_v4SPD16_eabi.lib</file>
         <name>strlen.c.obj</name>
      </input_file>
      <input_file id="fl-c4">
         <path>/Applications/ti/ccsv8/tools/compiler/ti-cgt-arm_18.1.4.LTS/lib/</path>
         <kind>archive</kind>
         <file>rtsv7M4_T_le_v4SPD16_eabi.lib</file>
         <name>memcpy_t2.asm.obj</name>
      </input_file>
      <input_file id="fl-c5">
         <path>/Applications/ti/ccsv8/tools/compiler/ti-cgt-arm_18.1.4.LTS/lib/</path>
         <kind>archive</kind>
         <file>rtsv7M4_T_le_v4SPD16_eabi.lib</file>
         <name>memset_t2.asm.obj</name>
      </input_file>
      <input_file id="fl-c6">
         <path>/Applications/ti/ccsv8/tools/compiler/ti-cgt-arm_18.1.4.LTS/lib/</path>
         <kind>archive</kind>
         <file>rtsv7M4_T_le_v4SPD16_eabi.lib</file>
         <name>autoinit.c.obj</name>
      </input_file>
      <input_file id="fl-c7">
         <path>/Applications/ti/ccsv8/tools/compiler/ti-cgt-arm_18.1.4.LTS/lib/</path>
         <kind>archive</kind>
         <file>rtsv7M4_T_le_v4SPD16_eabi.lib</file>
         <name>pre_init.c.obj</name>
      </input_file>
      <input_file id="fl-c8">
         <path>/Applications/ti/ccsv8/tools/compiler/ti-cgt-arm_18.1.4.LTS/lib/</path>
         <kind>archive</kind>
         <file>rtsv7M4_T_le_v4SPD16_eabi.lib</file>
         <name>cpy_tbl.c.obj</name>
      </input_file>
   </input_file_list>
   <object_component_list>
      <object_component id="oc-f">
         <name>.intvecs</name>
         <load_address>0x0</load_address>
         <run_address>0x0</run_address>
         <size>0x26c</size>
         <input_file_ref idref="fl-2"/>
      </object_component>
      <object_component id="oc-98">
         <name>.text</name>
         <load_address>0x26c</load_address>
         <run_address>0x26c</run_address>
         <size>0x1b8</size>
         <input_file_ref idref="fl-1"/>
      </object_component>
      <object_component id="oc-50">
         <name>.text:_c_int00_noinit_noargs:_c_int00_noinit_noargs</name>
         <load_address>0x424</load_address>
         <run_address>0x424</run_address>
         <size>0x30</size>
         <input_file_ref idref="fl-bf"/>
      </object_component>
      <object_component id="oc-c0">
         <name>.text:strlen</name>
         <load_address>0x454</load_address>
         <run_address>0x454</run_address>
         <size>0x14</size>
         <input_file_ref idref="fl-c3"/>
      </object_component>
      <object_component id="oc-24">
         <name>.text</name>
         <load_address>0x468</load_address>
         <run_address>0x468</run_address>
         <size>0xc</size>
         <input_file_ref idref="fl-2"/>
      </object_component>
      <object_component id="oc-92">
         <name>.text:_system_pre_init</name>
         <load_address>0x474</load_address>
         <run_address>0x474</run_address>
         <size>0x4</size>
         <input_file_ref idref="fl-c7"/>
      </object_component>
      <object_component id="oc-c7">
         <name>.text:abort:abort</name>
         <load_address>0x478</load_address>
         <run_address>0x478</run_address>
         <size>0x4</size>
         <input_file_ref idref="fl-c0"/>
      </object_component>
      <object_component id="oc-21">
         <name>.stack</name>
         <uninitialized>true</uninitialized>
         <run_address>0x20000000</run_address>
         <size>0x4</size>
         <input_file_ref idref="fl-bf"/>
      </object_component>
      <object_component id="oc-183">
         <name>.stack</name>
         <uninitialized>true</uninitialized>
         <run_address>0x20000000</run_address>
         <size>0x0</size>
      </object_component>
      <object_component id="oc-af">
         <name>.debug_info</name>
         <load_address>0x0</load_address>
         <run_address>0x0</run_address>
         <size>0x289</size>
         <input_file_ref idref="fl-1"/>
      </object_component>
      <object_component id="oc-99">
         <name>.debug_info</name>
         <load_address>0x289</load_address>
         <run_address>0x289</run_address>
         <size>0x2d7</size>
         <input_file_ref idref="fl-1"/>
      </object_component>
      <object_component id="oc-6d">
         <name>.debug_info</name>
         <load_address>0x560</load_address>
         <run_address>0x560</run_address>
         <size>0x26b</size>
         <input_file_ref idref="fl-1"/>
      </object_component>
      <object_component id="oc-33">
         <name>.debug_info</name>
         <load_address>0x7cb</load_address>
         <run_address>0x7cb</run_address>
         <size>0x84</size>
         <input_file_ref idref="fl-1"/>
      </object_component>
      <object_component id="oc-aa">
         <name>.debug_info</name>
         <load_address>0x84f</load_address>
         <run_address>0x84f</run_address>
         <size>0x297</size>
         <input_file_ref idref="fl-1"/>
      </object_component>
      <object_component id="oc-72">
         <name>.debug_info</name>
         <load_address>0xae6</load_address>
         <run_address>0xae6</run_address>
         <size>0xbb</size>
         <input_file_ref idref="fl-1"/>
      </object_component>
      <object_component id="oc-b7">
         <name>.debug_info</name>
         <load_address>0xba1</load_address>
         <run_address>0xba1</run_address>
         <size>0x2c</size>
         <input_file_ref idref="fl-1"/>
      </object_component>
      <object_component id="oc-2c">
         <name>.debug_info</name>
         <load_address>0xbcd</load_address>
         <run_address>0xbcd</run_address>
         <size>0x2a6</size>
         <input_file_ref idref="fl-2"/>
      </object_component>
      <object_component id="oc-10">
         <name>.debug_info</name>
         <load_address>0xe73</load_address>
         <run_address>0xe73</run_address>
         <size>0xe5</size>
         <input_file_ref idref="fl-2"/>
      </object_component>
      <object_component id="oc-25">
         <name>.debug_info</name>
         <load_address>0xf58</load_address>
         <run_address>0xf58</run_address>
         <size>0x261</size>
         <input_file_ref idref="fl-2"/>
      </object_component>
      <object_component id="oc-22">
         <name>.debug_info</name>
         <load_address>0x11b9</load_address>
         <run_address>0x11b9</run_address>
         <size>0x10b</size>
         <input_file_ref idref="fl-bf"/>
      </object_component>
      <object_component id="oc-52">
         <name>.debug_info</name>
         <load_address>0x12c4</load_address>
         <run_address>0x12c4</run_address>
         <size>0x1a8</size>
         <input_file_ref idref="fl-bf"/>
      </object_component>
      <object_component id="oc-c8">
         <name>.debug_info</name>
         <load_address>0x146c</load_address>
         <run_address>0x146c</run_address>
         <size>0x122</size>
         <input_file_ref idref="fl-c0"/>
      </object_component>
      <object_component id="oc-108">
         <name>.debug_info</name>
         <load_address>0x158e</load_address>
         <run_address>0x158e</run_address>
         <size>0x28f</size>
         <input_file_ref idref="fl-c3"/>
      </object_component>
      <object_component id="oc-c1">
         <name>.debug_info</name>
         <load_address>0x181d</load_address>
         <run_address>0x181d</run_address>
         <size>0x24b</size>
         <input_file_ref idref="fl-c3"/>
      </object_component>
      <object_component id="oc-93">
         <name>.debug_info</name>
         <load_address>0x1a68</load_address>
         <run_address>0x1a68</run_address>
         <size>0x153</size>
         <input_file_ref idref="fl-c7"/>
      </object_component>
      <object_component id="oc-184">
         <name>.debug_info</name>
         <load_address>0x1bbb</load_address>
         <run_address>0x1bbb</run_address>
         <size>0x9b</size>
      </object_component>
      <object_component id="oc-106">
         <name>.debug_line</name>
         <load_address>0x0</load_address>
         <run_address>0x0</run_address>
         <size>0x70</size>
         <input_file_ref idref="fl-1"/>
      </object_component>
      <object_component id="oc-9c">
         <name>.debug_line</name>
         <load_address>0x70</load_address>
         <run_address>0x70</run_address>
         <size>0xe7</size>
         <input_file_ref idref="fl-1"/>
      </object_component>
      <object_component id="oc-70">
         <name>.debug_line</name>
         <load_address>0x157</load_address>
         <run_address>0x157</run_address>
         <size>0x74</size>
         <input_file_ref idref="fl-1"/>
      </object_component>
      <object_component id="oc-36">
         <name>.debug_line</name>
         <load_address>0x1cb</load_address>
         <run_address>0x1cb</run_address>
         <size>0x20</size>
         <input_file_ref idref="fl-1"/>
      </object_component>
      <object_component id="oc-ad">
         <name>.debug_line</name>
         <load_address>0x1eb</load_address>
         <run_address>0x1eb</run_address>
         <size>0x78</size>
         <input_file_ref idref="fl-1"/>
      </object_component>
      <object_component id="oc-75">
         <name>.debug_line</name>
         <load_address>0x263</load_address>
         <run_address>0x263</run_address>
         <size>0x75</size>
         <input_file_ref idref="fl-1"/>
      </object_component>
      <object_component id="oc-ba">
         <name>.debug_line</name>
         <load_address>0x2d8</load_address>
         <run_address>0x2d8</run_address>
         <size>0x70</size>
         <input_file_ref idref="fl-1"/>
      </object_component>
      <object_component id="oc-6c">
         <name>.debug_line</name>
         <load_address>0x348</load_address>
         <run_address>0x348</run_address>
         <size>0x41</size>
         <input_file_ref idref="fl-2"/>
      </object_component>
      <object_component id="oc-2b">
         <name>.debug_line</name>
         <load_address>0x389</load_address>
         <run_address>0x389</run_address>
         <size>0x41</size>
         <input_file_ref idref="fl-2"/>
      </object_component>
      <object_component id="oc-28">
         <name>.debug_line</name>
         <load_address>0x3ca</load_address>
         <run_address>0x3ca</run_address>
         <size>0xa1</size>
         <input_file_ref idref="fl-2"/>
      </object_component>
      <object_component id="oc-69">
         <name>.debug_line</name>
         <load_address>0x46b</load_address>
         <run_address>0x46b</run_address>
         <size>0x33</size>
         <input_file_ref idref="fl-bf"/>
      </object_component>
      <object_component id="oc-54">
         <name>.debug_line</name>
         <load_address>0x49e</load_address>
         <run_address>0x49e</run_address>
         <size>0x55</size>
         <input_file_ref idref="fl-bf"/>
      </object_component>
      <object_component id="oc-cb">
         <name>.debug_line</name>
         <load_address>0x4f3</load_address>
         <run_address>0x4f3</run_address>
         <size>0x3c</size>
         <input_file_ref idref="fl-c0"/>
      </object_component>
      <object_component id="oc-12a">
         <name>.debug_line</name>
         <load_address>0x52f</load_address>
         <run_address>0x52f</run_address>
         <size>0x20</size>
         <input_file_ref idref="fl-c3"/>
      </object_component>
      <object_component id="oc-c4">
         <name>.debug_line</name>
         <load_address>0x54f</load_address>
         <run_address>0x54f</run_address>
         <size>0xb5</size>
         <input_file_ref idref="fl-c3"/>
      </object_component>
      <object_component id="oc-96">
         <name>.debug_line</name>
         <load_address>0x604</load_address>
         <run_address>0x604</run_address>
         <size>0x40</size>
         <input_file_ref idref="fl-c7"/>
      </object_component>
      <object_component id="oc-9d">
         <name>.debug_frame</name>
         <load_address>0x0</load_address>
         <run_address>0x0</run_address>
         <size>0xb4</size>
         <input_file_ref idref="fl-1"/>
      </object_component>
      <object_component id="oc-29">
         <name>.debug_frame</name>
         <load_address>0xb4</load_address>
         <run_address>0xb4</run_address>
         <size>0x90</size>
         <input_file_ref idref="fl-2"/>
      </object_component>
      <object_component id="oc-55">
         <name>.debug_frame</name>
         <load_address>0x144</load_address>
         <run_address>0x144</run_address>
         <size>0x58</size>
         <input_file_ref idref="fl-bf"/>
      </object_component>
      <object_component id="oc-cc">
         <name>.debug_frame</name>
         <load_address>0x19c</load_address>
         <run_address>0x19c</run_address>
         <size>0x54</size>
         <input_file_ref idref="fl-c0"/>
      </object_component>
      <object_component id="oc-c5">
         <name>.debug_frame</name>
         <load_address>0x1f0</load_address>
         <run_address>0x1f0</run_address>
         <size>0x54</size>
         <input_file_ref idref="fl-c3"/>
      </object_component>
      <object_component id="oc-97">
         <name>.debug_frame</name>
         <load_address>0x244</load_address>
         <run_address>0x244</run_address>
         <size>0x54</size>
         <input_file_ref idref="fl-c7"/>
      </object_component>
      <object_component id="oc-105">
         <name>.debug_abbrev</name>
         <load_address>0x0</load_address>
         <run_address>0x0</run_address>
         <size>0x56</size>
         <input_file_ref idref="fl-1"/>
      </object_component>
      <object_component id="oc-c6">
         <name>.debug_abbrev</name>
         <load_address>0x56</load_address>
         <run_address>0x56</run_address>
         <size>0xb4</size>
         <input_file_ref idref="fl-1"/>
      </object_component>
      <object_component id="oc-6f">
         <name>.debug_abbrev</name>
         <load_address>0x10a</load_address>
         <run_address>0x10a</run_address>
         <size>0x69</size>
         <input_file_ref idref="fl-1"/>
      </object_component>
      <object_component id="oc-35">
         <name>.debug_abbrev</name>
         <load_address>0x173</load_address>
         <run_address>0x173</run_address>
         <size>0x1f</size>
         <input_file_ref idref="fl-1"/>
      </object_component>
      <object_component id="oc-ac">
         <name>.debug_abbrev</name>
         <load_address>0x192</load_address>
         <run_address>0x192</run_address>
         <size>0x5c</size>
         <input_file_ref idref="fl-1"/>
      </object_component>
      <object_component id="oc-74">
         <name>.debug_abbrev</name>
         <load_address>0x1ee</load_address>
         <run_address>0x1ee</run_address>
         <size>0x24</size>
         <input_file_ref idref="fl-1"/>
      </object_component>
      <object_component id="oc-b9">
         <name>.debug_abbrev</name>
         <load_address>0x212</load_address>
         <run_address>0x212</run_address>
         <size>0x24</size>
         <input_file_ref idref="fl-1"/>
      </object_component>
      <object_component id="oc-6b">
         <name>.debug_abbrev</name>
         <load_address>0x236</load_address>
         <run_address>0x236</run_address>
         <size>0x68</size>
         <input_file_ref idref="fl-2"/>
      </object_component>
      <object_component id="oc-2a">
         <name>.debug_abbrev</name>
         <load_address>0x29e</load_address>
         <run_address>0x29e</run_address>
         <size>0x29</size>
         <input_file_ref idref="fl-2"/>
      </object_component>
      <object_component id="oc-6a">
         <name>.debug_abbrev</name>
         <load_address>0x2c7</load_address>
         <run_address>0x2c7</run_address>
         <size>0x79</size>
         <input_file_ref idref="fl-2"/>
      </object_component>
      <object_component id="oc-68">
         <name>.debug_abbrev</name>
         <load_address>0x340</load_address>
         <run_address>0x340</run_address>
         <size>0x29</size>
         <input_file_ref idref="fl-bf"/>
      </object_component>
      <object_component id="oc-9f">
         <name>.debug_abbrev</name>
         <load_address>0x369</load_address>
         <run_address>0x369</run_address>
         <size>0x61</size>
         <input_file_ref idref="fl-bf"/>
      </object_component>
      <object_component id="oc-109">
         <name>.debug_abbrev</name>
         <load_address>0x3ca</load_address>
         <run_address>0x3ca</run_address>
         <size>0x45</size>
         <input_file_ref idref="fl-c0"/>
      </object_component>
      <object_component id="oc-129">
         <name>.debug_abbrev</name>
         <load_address>0x40f</load_address>
         <run_address>0x40f</run_address>
         <size>0x35</size>
         <input_file_ref idref="fl-c3"/>
      </object_component>
      <object_component id="oc-107">
         <name>.debug_abbrev</name>
         <load_address>0x444</load_address>
         <run_address>0x444</run_address>
         <size>0x71</size>
         <input_file_ref idref="fl-c3"/>
      </object_component>
      <object_component id="oc-bf">
         <name>.debug_abbrev</name>
         <load_address>0x4b5</load_address>
         <run_address>0x4b5</run_address>
         <size>0x55</size>
         <input_file_ref idref="fl-c7"/>
      </object_component>
      <object_component id="oc-185">
         <name>.debug_abbrev</name>
         <load_address>0x50a</load_address>
         <run_address>0x50a</run_address>
         <size>0xf</size>
      </object_component>
      <object_component id="oc-71">
         <name>.debug_str</name>
         <load_address>0x0</load_address>
         <run_address>0x0</run_address>
         <size>0x2ae</size>
         <input_file_ref idref="fl-1"/>
      </object_component>
      <object_component id="oc-37">
         <name>.debug_str</name>
         <load_address>0x2ae</load_address>
         <run_address>0x2ae</run_address>
         <size>0xfc</size>
         <input_file_ref idref="fl-1"/>
      </object_component>
      <object_component id="oc-ae">
         <name>.debug_str</name>
         <load_address>0x3aa</load_address>
         <run_address>0x3aa</run_address>
         <size>0x33d</size>
         <input_file_ref idref="fl-1"/>
      </object_component>
      <object_component id="oc-76">
         <name>.debug_str</name>
         <load_address>0x6e7</load_address>
         <run_address>0x6e7</run_address>
         <size>0x146</size>
         <input_file_ref idref="fl-1"/>
      </object_component>
      <object_component id="oc-bb">
         <name>.debug_str</name>
         <load_address>0x82d</load_address>
         <run_address>0x82d</run_address>
         <size>0xe0</size>
         <input_file_ref idref="fl-1"/>
      </object_component>
      <object_component id="oc-9a">
         <name>.debug_aranges</name>
         <load_address>0x0</load_address>
         <run_address>0x0</run_address>
         <size>0x40</size>
         <input_file_ref idref="fl-1"/>
      </object_component>
      <object_component id="oc-26">
         <name>.debug_aranges</name>
         <load_address>0x40</load_address>
         <run_address>0x40</run_address>
         <size>0x38</size>
         <input_file_ref idref="fl-2"/>
      </object_component>
      <object_component id="oc-51">
         <name>.debug_aranges</name>
         <load_address>0x78</load_address>
         <run_address>0x78</run_address>
         <size>0x20</size>
         <input_file_ref idref="fl-bf"/>
      </object_component>
      <object_component id="oc-c9">
         <name>.debug_aranges</name>
         <load_address>0x98</load_address>
         <run_address>0x98</run_address>
         <size>0x20</size>
         <input_file_ref idref="fl-c0"/>
      </object_component>
      <object_component id="oc-c2">
         <name>.debug_aranges</name>
         <load_address>0xb8</load_address>
         <run_address>0xb8</run_address>
         <size>0x20</size>
         <input_file_ref idref="fl-c3"/>
      </object_component>
      <object_component id="oc-94">
         <name>.debug_aranges</name>
         <load_address>0xd8</load_address>
         <run_address>0xd8</run_address>
         <size>0x20</size>
         <input_file_ref idref="fl-c7"/>
      </object_component>
      <object_component id="oc-9b">
         <name>.debug_pubnames</name>
         <load_address>0x0</load_address>
         <run_address>0x0</run_address>
         <size>0x50</size>
         <input_file_ref idref="fl-1"/>
      </object_component>
      <object_component id="oc-11">
         <name>.debug_pubnames</name>
         <load_address>0x50</load_address>
         <run_address>0x50</run_address>
         <size>0x23</size>
         <input_file_ref idref="fl-2"/>
      </object_component>
      <object_component id="oc-27">
         <name>.debug_pubnames</name>
         <load_address>0x73</load_address>
         <run_address>0x73</run_address>
         <size>0x4c</size>
         <input_file_ref idref="fl-2"/>
      </object_component>
      <object_component id="oc-23">
         <name>.debug_pubnames</name>
         <load_address>0xbf</load_address>
         <run_address>0xbf</run_address>
         <size>0x1e</size>
         <input_file_ref idref="fl-bf"/>
      </object_component>
      <object_component id="oc-53">
         <name>.debug_pubnames</name>
         <load_address>0xdd</load_address>
         <run_address>0xdd</run_address>
         <size>0x2d</size>
         <input_file_ref idref="fl-bf"/>
      </object_component>
      <object_component id="oc-ca">
         <name>.debug_pubnames</name>
         <load_address>0x10a</load_address>
         <run_address>0x10a</run_address>
         <size>0x1c</size>
         <input_file_ref idref="fl-c0"/>
      </object_component>
      <object_component id="oc-c3">
         <name>.debug_pubnames</name>
         <load_address>0x126</load_address>
         <run_address>0x126</run_address>
         <size>0x1d</size>
         <input_file_ref idref="fl-c3"/>
      </object_component>
      <object_component id="oc-95">
         <name>.debug_pubnames</name>
         <load_address>0x143</load_address>
         <run_address>0x143</run_address>
         <size>0x27</size>
         <input_file_ref idref="fl-c7"/>
      </object_component>
      <object_component id="oc-6e">
         <name>.debug_pubtypes</name>
         <load_address>0x0</load_address>
         <run_address>0x0</run_address>
         <size>0x25c</size>
         <input_file_ref idref="fl-1"/>
      </object_component>
      <object_component id="oc-34">
         <name>.debug_pubtypes</name>
         <load_address>0x25c</load_address>
         <run_address>0x25c</run_address>
         <size>0xed</size>
         <input_file_ref idref="fl-1"/>
      </object_component>
      <object_component id="oc-ab">
         <name>.debug_pubtypes</name>
         <load_address>0x349</load_address>
         <run_address>0x349</run_address>
         <size>0x325</size>
         <input_file_ref idref="fl-1"/>
      </object_component>
      <object_component id="oc-73">
         <name>.debug_pubtypes</name>
         <load_address>0x66e</load_address>
         <run_address>0x66e</run_address>
         <size>0xaa</size>
         <input_file_ref idref="fl-1"/>
      </object_component>
      <object_component id="oc-b8">
         <name>.debug_pubtypes</name>
         <load_address>0x718</load_address>
         <run_address>0x718</run_address>
         <size>0x1d</size>
         <input_file_ref idref="fl-1"/>
      </object_component>
   </object_component_list>
   <logical_group_list>
      <logical_group id="lg-3" display="no" color="cyan">
         <name>.intvecs</name>
         <load_address>0x0</load_address>
         <run_address>0x0</run_address>
         <size>0x26c</size>
         <contents>
            <object_component_ref idref="oc-f"/>
         </contents>
      </logical_group>
      <logical_group id="lg-4" display="no" color="cyan">
         <name>.text</name>
         <load_address>0x26c</load_address>
         <run_address>0x26c</run_address>
         <size>0x210</size>
         <contents>
            <object_component_ref idref="oc-98"/>
            <object_component_ref idref="oc-50"/>
            <object_component_ref idref="oc-c0"/>
            <object_component_ref idref="oc-24"/>
            <object_component_ref idref="oc-92"/>
            <object_component_ref idref="oc-c7"/>
         </contents>
      </logical_group>
      <logical_group id="lg-5" display="no" color="cyan">
         <name>.const</name>
         <run_address>0x0</run_address>
         <size>0x0</size>
         <contents>
         </contents>
      </logical_group>
      <logical_group id="lg-6" display="no" color="cyan">
         <name>.cinit</name>
         <run_address>0x0</run_address>
         <size>0x0</size>
         <contents>
         </contents>
      </logical_group>
      <logical_group id="lg-7" display="no" color="cyan">
         <name>.pinit</name>
         <run_address>0x0</run_address>
         <size>0x0</size>
         <contents>
         </contents>
      </logical_group>
      <logical_group id="lg-8" display="no" color="cyan">
         <name>.init_array</name>
         <run_address>0x0</run_address>
         <size>0x0</size>
         <contents>
         </contents>
      </logical_group>
      <logical_group id="lg-9" display="no" color="cyan">
         <name>.vtable</name>
         <run_address>0x0</run_address>
         <size>0x0</size>
         <contents>
         </contents>
      </logical_group>
      <logical_group id="lg-a" display="no" color="cyan">
         <name>.data</name>
         <run_address>0x0</run_address>
         <size>0x0</size>
         <contents>
         </contents>
      </logical_group>
      <logical_group id="lg-b" display="no" color="cyan">
         <name>.bss</name>
         <run_address>0x0</run_address>
         <size>0x0</size>
         <contents>
         </contents>
      </logical_group>
      <logical_group id="lg-c" display="no" color="cyan">
         <name>.sysmem</name>
         <run_address>0x0</run_address>
         <size>0x0</size>
         <contents>
         </contents>
      </logical_group>
      <logical_group id="lg-d" display="no" color="cyan">
         <name>.stack</name>
         <run_address>0x20000000</run_address>
         <size>0x200</size>
         <contents>
            <object_component_ref idref="oc-21"/>
            <object_component_ref idref="oc-183"/>
         </contents>
      </logical_group>
      <logical_group id="lg-15b" display="no" color="cyan">
         <name>.TI.noinit</name>
         <run_address>0x0</run_address>
         <size>0x0</size>
         <contents>
         </contents>
      </logical_group>
      <logical_group id="lg-15c" display="no" color="cyan">
         <name>.TI.persistent</name>
         <run_address>0x0</run_address>
         <size>0x0</size>
         <contents>
         </contents>
      </logical_group>
      <logical_group id="lg-16a" display="never" color="cyan">
         <name>.debug_info</name>
         <load_address>0x0</load_address>
         <run_address>0x0</run_address>
         <size>0x1c56</size>
         <contents>
            <object_component_ref idref="oc-af"/>
            <object_component_ref idref="oc-99"/>
            <object_component_ref idref="oc-6d"/>
            <object_component_ref idref="oc-33"/>
            <object_component_ref idref="oc-aa"/>
            <object_component_ref idref="oc-72"/>
            <object_component_ref idref="oc-b7"/>
            <object_component_ref idref="oc-2c"/>
            <object_component_ref idref="oc-10"/>
            <object_component_ref idref="oc-25"/>
            <object_component_ref idref="oc-22"/>
            <object_component_ref idref="oc-52"/>
            <object_component_ref idref="oc-c8"/>
            <object_component_ref idref="oc-108"/>
            <object_component_ref idref="oc-c1"/>
            <object_component_ref idref="oc-93"/>
            <object_component_ref idref="oc-184"/>
         </contents>
      </logical_group>
      <logical_group id="lg-16c" display="never" color="cyan">
         <name>.debug_line</name>
         <load_address>0x0</load_address>
         <run_address>0x0</run_address>
         <size>0x644</size>
         <contents>
            <object_component_ref idref="oc-106"/>
            <object_component_ref idref="oc-9c"/>
            <object_component_ref idref="oc-70"/>
            <object_component_ref idref="oc-36"/>
            <object_component_ref idref="oc-ad"/>
            <object_component_ref idref="oc-75"/>
            <object_component_ref idref="oc-ba"/>
            <object_component_ref idref="oc-6c"/>
            <object_component_ref idref="oc-2b"/>
            <object_component_ref idref="oc-28"/>
            <object_component_ref idref="oc-69"/>
            <object_component_ref idref="oc-54"/>
            <object_component_ref idref="oc-cb"/>
            <object_component_ref idref="oc-12a"/>
            <object_component_ref idref="oc-c4"/>
            <object_component_ref idref="oc-96"/>
         </contents>
      </logical_group>
      <logical_group id="lg-16e" display="never" color="cyan">
         <name>.debug_frame</name>
         <load_address>0x0</load_address>
         <run_address>0x0</run_address>
         <size>0x298</size>
         <contents>
            <object_component_ref idref="oc-9d"/>
            <object_component_ref idref="oc-29"/>
            <object_component_ref idref="oc-55"/>
            <object_component_ref idref="oc-cc"/>
            <object_component_ref idref="oc-c5"/>
            <object_component_ref idref="oc-97"/>
         </contents>
      </logical_group>
      <logical_group id="lg-170" display="never" color="cyan">
         <name>.debug_abbrev</name>
         <load_address>0x0</load_address>
         <run_address>0x0</run_address>
         <size>0x519</size>
         <contents>
            <object_component_ref idref="oc-105"/>
            <object_component_ref idref="oc-c6"/>
            <object_component_ref idref="oc-6f"/>
            <object_component_ref idref="oc-35"/>
            <object_component_ref idref="oc-ac"/>
            <object_component_ref idref="oc-74"/>
            <object_component_ref idref="oc-b9"/>
            <object_component_ref idref="oc-6b"/>
            <object_component_ref idref="oc-2a"/>
            <object_component_ref idref="oc-6a"/>
            <object_component_ref idref="oc-68"/>
            <object_component_ref idref="oc-9f"/>
            <object_component_ref idref="oc-109"/>
            <object_component_ref idref="oc-129"/>
            <object_component_ref idref="oc-107"/>
            <object_component_ref idref="oc-bf"/>
            <object_component_ref idref="oc-185"/>
         </contents>
      </logical_group>
      <logical_group id="lg-172" display="never" color="cyan">
         <name>.debug_str</name>
         <load_address>0x0</load_address>
         <run_address>0x0</run_address>
         <size>0x90d</size>
         <contents>
            <object_component_ref idref="oc-71"/>
            <object_component_ref idref="oc-37"/>
            <object_component_ref idref="oc-ae"/>
            <object_component_ref idref="oc-76"/>
            <object_component_ref idref="oc-bb"/>
         </contents>
      </logical_group>
      <logical_group id="lg-174" display="never" color="cyan">
         <name>.debug_aranges</name>
         <load_address>0x0</load_address>
         <run_address>0x0</run_address>
         <size>0xf8</size>
         <contents>
            <object_component_ref idref="oc-9a"/>
            <object_component_ref idref="oc-26"/>
            <object_component_ref idref="oc-51"/>
            <object_component_ref idref="oc-c9"/>
            <object_component_ref idref="oc-c2"/>
            <object_component_ref idref="oc-94"/>
         </contents>
      </logical_group>
      <logical_group id="lg-176" display="never" color="cyan">
         <name>.debug_pubnames</name>
         <load_address>0x0</load_address>
         <run_address>0x0</run_address>
         <size>0x16a</size>
         <contents>
            <object_component_ref idref="oc-9b"/>
            <object_component_ref idref="oc-11"/>
            <object_component_ref idref="oc-27"/>
            <object_component_ref idref="oc-23"/>
            <object_component_ref idref="oc-53"/>
            <object_component_ref idref="oc-ca"/>
            <object_component_ref idref="oc-c3"/>
            <object_component_ref idref="oc-95"/>
         </contents>
      </logical_group>
      <logical_group id="lg-178" display="never" color="cyan">
         <name>.debug_pubtypes</name>
         <load_address>0x0</load_address>
         <run_address>0x0</run_address>
         <size>0x735</size>
         <contents>
            <object_component_ref idref="oc-6e"/>
            <object_component_ref idref="oc-34"/>
            <object_component_ref idref="oc-ab"/>
            <object_component_ref idref="oc-73"/>
            <object_component_ref idref="oc-b8"/>
         </contents>
      </logical_group>
      <load_segment id="lg-186" display="no" color="cyan">
         <name>SEGMENT_0</name>
         <load_address>0x0</load_address>
         <run_address>0x0</run_address>
         <size>0x47c</size>
         <flags>0x5</flags>
         <contents>
            <logical_group_ref idref="lg-3"/>
            <logical_group_ref idref="lg-4"/>
         </contents>
      </load_segment>
      <load_segment id="lg-187" display="no" color="cyan">
         <name>SEGMENT_1</name>
         <run_address>0x20000000</run_address>
         <size>0x200</size>
         <flags>0x6</flags>
         <contents>
            <logical_group_ref idref="lg-d"/>
         </contents>
      </load_segment>
   </logical_group_list>
   <placement_map>
      <memory_area display="yes" color="green">
         <name>FLASH</name>
         <page_id>0x0</page_id>
         <origin>0x0</origin>
         <length>0x40000</length>
         <used_space>0x47c</used_space>
         <unused_space>0x3fb84</unused_space>
         <attributes>RX</attributes>
         <usage_details>
            <allocated_space>
               <start_address>0x0</start_address>
               <size>0x26c</size>
               <logical_group_ref idref="lg-3"/>
            </allocated_space>
            <allocated_space>
               <start_address>0x26c</start_address>
               <size>0x210</size>
               <logical_group_ref idref="lg-4"/>
            </allocated_space>
            <available_space>
               <start_address>0x47c</start_address>
               <size>0x3fb84</size>
            </available_space>
         </usage_details>
      </memory_area>
      <memory_area display="yes" color="green">
         <name>SRAM</name>
         <page_id>0x0</page_id>
         <origin>0x20000000</origin>
         <length>0x8000</length>
         <used_space>0x200</used_space>
         <unused_space>0x7e00</unused_space>
         <attributes>RWX</attributes>
         <usage_details>
            <allocated_space>
               <start_address>0x20000000</start_address>
               <size>0x200</size>
               <logical_group_ref idref="lg-d"/>
            </allocated_space>
            <available_space>
               <start_address>0x20000200</start_address>
               <size>0x7e00</size>
            </available_space>
         </usage_details>
      </memory_area>
   </placement_map>
   <symbol_table>
      <symbol id="sm-1">
         <name>__STACK_TOP</name>
         <value>0x20000200</value>
      </symbol>
      <symbol id="sm-2">
         <name>binit</name>
         <value>0xffffffff</value>
      </symbol>
      <symbol id="sm-3">
         <name>__binit__</name>
         <value>0xffffffff</value>
      </symbol>
      <symbol id="sm-4">
         <name>__STACK_SIZE</name>
         <value>0x200</value>
      </symbol>
      <symbol id="sm-5">
         <name>__STACK_END</name>
         <value>0x20000200</value>
      </symbol>
      <symbol id="sm-6">
         <name>__c_args__</name>
         <value>0xffffffff</value>
      </symbol>
      <symbol id="sm-7">
         <name>__TI_pprof_out_hndl</name>
         <value>0xffffffff</value>
      </symbol>
      <symbol id="sm-8">
         <name>__TI_prof_data_start</name>
         <value>0xffffffff</value>
      </symbol>
      <symbol id="sm-9">
         <name>__TI_prof_data_size</name>
         <value>0xffffffff</value>
      </symbol>
      <symbol id="sm-a">
         <name>__TI_static_base__</name>
         <value>0x0</value>
      </symbol>
      <symbol id="sm-68">
         <name>getcUart0</name>
         <value>0x34b</value>
         <object_component_ref idref="oc-98"/>
      </symbol>
      <symbol id="sm-69">
         <name>initHw</name>
         <value>0x26d</value>
         <object_component_ref idref="oc-98"/>
      </symbol>
      <symbol id="sm-6a">
         <name>main</name>
         <value>0x35f</value>
         <object_component_ref idref="oc-98"/>
      </symbol>
      <symbol id="sm-6b">
         <name>putsUart0</name>
         <value>0x319</value>
         <object_component_ref idref="oc-98"/>
      </symbol>
      <symbol id="sm-6c">
         <name>putcUart0</name>
         <value>0x2fd</value>
         <object_component_ref idref="oc-98"/>
      </symbol>
      <symbol id="sm-88">
         <name>ResetISR</name>
         <value>0x469</value>
         <object_component_ref idref="oc-24"/>
      </symbol>
      <symbol id="sm-89">
         <name>g_pfnVectors</name>
         <value>0x0</value>
         <object_component_ref idref="oc-f"/>
      </symbol>
      <symbol id="sm-9f">
         <name>_c_int00_noinit_noargs</name>
         <value>0x425</value>
         <object_component_ref idref="oc-50"/>
      </symbol>
      <symbol id="sm-a0">
         <name>__stack</name>
         <value>0x20000000</value>
         <object_component_ref idref="oc-21"/>
      </symbol>
      <symbol id="sm-ab">
         <name>C$$EXIT</name>
         <value>0x479</value>
         <object_component_ref idref="oc-c7"/>
      </symbol>
      <symbol id="sm-ac">
         <name>abort</name>
         <value>0x479</value>
         <object_component_ref idref="oc-c7"/>
      </symbol>
      <symbol id="sm-bc">
         <name>strlen</name>
         <value>0x455</value>
         <object_component_ref idref="oc-c0"/>
      </symbol>
      <symbol id="sm-c9">
         <name>_system_pre_init</name>
         <value>0x475</value>
         <object_component_ref idref="oc-92"/>
      </symbol>
      <symbol id="sm-cb">
         <name>__mpu_init</name>
         <value>0x0</value>
      </symbol>
   </symbol_table>
   <title>Link successful</title>
</link_info>
